"chamber","id","datetimeFM","deltadiff","xsi","DELTA","del13_samp","del13_ref","FluxH2O","FluxCO2","datetime","date","VPDair","period","WUE","PAR","RefCO2","TAref","Tair_al","RH_al","campaign","day","month","flux_campaign","fluxC_gfm","fluxCO2_fm","fluxCO2_umols","temp"
"12","5-1",2014-03-22 06:45:00,-1.0417,-11.5590610432206,12.3504711471702,-13.01038,-11.96868,0.00192111625801772,0.0181406605988741,2014-03-22 06:36:00,2014-03-22,0.259139681475044,"Day",9.44277084906476,47.5999984741211,528.400024414062,15.7799997329712,18.4484100341797,87.7931594848633,5,1,"March",5,0.19591913446784,0.0163265945389867,1.81406605988741e-05,"elevated"
"12","5-1",2014-03-22 07:00:00,-1.26048,-10.0314026104907,12.9759014945065,-12.90445,-11.64397,0.00228551402688026,0.0423983447253704,2014-03-22 06:51:00,2014-03-22,0.255741391741279,"Day",18.5509011218996,102.800003051758,522.599975585938,16.0200004577637,18.8196506500244,88.2298202514648,5,1,"March",5,0.457902123034,0.0381585102528334,4.23983447253704e-05,"elevated"
"12","5-1",2014-03-22 07:15:00,-1.0040433333333,-15.2625947208662,15.7695354446068,-12.90918,-11.9051366666667,0.00281827594153583,0.0762814655900002,2014-03-22 07:06:00,2014-03-22,0.251248783760648,"Day",27.0667128316861,120.800003051758,532,16.4599990844727,19.3933906555176,88.8428344726562,5,1,"March",5,0.823839828372002,0.0686533190310002,7.62814655900002e-05,"elevated"
"12","5-1",2014-03-22 07:30:00,-0.962764999999999,-14.4433347876052,14.2863722523062,-12.7516875,-11.7889225,0.00583120621740818,0.138004630804062,2014-03-22 07:21:00,2014-03-22,0.239493359859932,"Day",23.666566685992,127.599998474121,499.100006103516,16.7800006866455,20.392017364502,90.0029067993164,5,1,"March",5,1.49045001268387,0.124204167723656,0.000138004630804062,"elevated"
"12","5-1",2014-03-22 07:45:00,-0.865693333333398,-15.3191254800763,13.6114788748517,-12.4382666666667,-11.5725733333333,0.0159401167184114,0.19390931725502,2014-03-22 07:36:00,2014-03-22,0.21097011341359,"Day",12.1648618188001,175.600006103516,480.299987792969,17.2600002288818,20.2095069885254,91.0937194824219,5,1,"March",5,2.09422062635422,0.174518385529518,0.00019390931725502,"elevated"
"12","5-1",2014-03-22 08:00:00,-0.1764575,372.367862906153,-62.3492709780245,-11.8519225,-11.675465,0.0138859506696463,0.208520367741585,2014-03-22 07:51:00,2014-03-22,0.207597030739098,"Day",15.0166432750907,225.600006103516,467.399993896484,17.7999992370605,19.9404029846191,91.0889892578125,5,1,"March",5,2.25201997160912,0.187668330967427,0.000208520367741585,"elevated"
"12","5-1",2014-03-22 08:15:00,-0.1696033333334,69.814630743284,-11.8391564095068,-11.7024666666667,-11.5328633333333,0.0188481453806162,0.171550631523132,2014-03-22 08:06:00,2014-03-22,0.161163890917586,"Day",9.10172476171361,437.200012207031,458,17.8600006103516,20.4128398895264,93.2812271118164,5,1,"March",5,1.85274682044983,0.154395568370819,0.000171550631523132,"elevated"
"12","5-1",2014-03-22 08:30:00,-0.5754466666667,-17.6935688972581,10.4045219504804,-11.2336666666667,-10.65822,0.016388239338994,0.214500978589058,2014-03-22 08:21:00,2014-03-22,0.273588785651102,"Day",13.0887140559801,819.599975585938,450.899993896484,18.3199996948242,21.5522594451904,89.3654098510742,5,1,"March",5,2.31661056876183,0.193050880730152,0.000214500978589058,"elevated"
"12","5-1",2014-03-22 08:45:00,-0.719267,-23.6877368154203,17.5281691440267,-10.9378325,-10.2185655,0.0187676623463631,0.196873009204865,2014-03-22 08:36:00,2014-03-22,0.194935982926873,"Day",10.4900123186102,461.399993896484,445,18.3400001525879,20.786657333374,92.0583419799805,5,1,"March",5,2.12622849941254,0.177185708284379,0.000196873009204865,"elevated"
"12","5-1",2014-03-22 09:00:00,-1.2244066666666,-31.7669164510598,40.9703128941147,-11.7432033333333,-10.5187966666667,0.0236295852810144,0.209095031023026,2014-03-22 08:51:00,2014-03-22,0.185046394667866,"Day",8.84886588301768,848.799987792969,442.700012207031,18.7399997711182,21.8630485534668,92.9423904418945,5,1,"March",5,2.25822633504868,0.188185527920723,0.000209095031023026,"elevated"
"12","5-1",2014-03-22 09:15:00,-1.40636,-22.7029248100979,33.3900411571085,-11.8437225,-10.4373625,0.0220768135040998,0.240447998046875,2014-03-22 09:06:00,2014-03-22,0.304347135681139,"Day",10.8914267904751,1074,439.200012207031,19.3799991607666,21.7764472961426,88.3307800292969,5,1,"March",5,2.59683837890625,0.216403198242188,0.000240447998046875,"elevated"
"12","5-1",2014-03-22 09:30:00,-1.36769900000003,-44.9887237967446,66.3505228151048,-11.1057766666667,-9.73807766666667,0.035363182425499,0.248790726065636,2014-03-22 09:21:00,2014-03-22,0.308279314031325,"Day",7.03530364072219,1255.19995117188,433.299987792969,20.2800006866455,23.4946022033691,89.3498077392578,5,1,"March",5,2.68693984150887,0.223911653459072,0.000248790726065636,"elevated"
"12","5-1",2014-03-22 09:45:00,-1.5514175,-58.2587787476796,100.683212388121,-11.912645,-10.3612275,0.0307108704000711,0.21445170044899,2014-03-22 09:36:00,2014-03-22,0.234112680942875,"Day",6.9829248619568,622.799987792969,429.799987792969,20.7000007629395,23.0350303649902,91.6845550537109,5,1,"March",5,2.31607836484909,0.193006530404091,0.00021445170044899,"elevated"
"12","5-1",2014-03-22 10:00:00,-1.604228,-100.968346681233,196.020151724209,-11.6992766666667,-10.0950486666667,0.0278037432581186,0.206834152340889,2014-03-22 09:51:00,2014-03-22,0.295279247780296,"Day",7.43907575396323,1405,421.600006103516,21.5799999237061,24.5359783172607,90.4169616699219,5,1,"March",5,2.2338088452816,0.1861507371068,0.000206834152340889,"elevated"
"12","5-1",2014-03-22 10:15:00,-1.86039475,-286.311560305203,1169.13718114187,-11.75293,-9.89253525,0.0271252989768982,0.221357956528664,2014-03-22 10:06:00,2014-03-22,0.379869687416498,"Day",8.16057204446622,1283.59997558594,415.700012207031,22.3400001525879,24.5873069763184,87.7094116210938,5,1,"March",5,2.39066593050957,0.199222160875798,0.000221357956528664,"elevated"
"12","5-1",2014-03-22 10:30:00,-2.19211566666663,-353.975163703148,3660.28922015783,-12.0528233333333,-9.86070766666667,0.0304693374782801,0.218319788575172,2014-03-22 10:21:00,2014-03-22,0.592632769165432,"Day",7.16522926469277,1466.80004882812,411,23.5,25.7994194030762,82.1592254638672,5,1,"March",5,2.35785371661186,0.196487809717655,0.000218319788575172,"elevated"
"12","5-1",2014-03-22 10:45:00,-2.5746055,-47.5198477833538,141.394885343745,-12.3843675,-9.809762,0.0216209664940834,0.213013559579849,2014-03-22 10:36:00,2014-03-22,0.917386871806064,"Day",9.85217564802853,1522.19995117188,405.100006103516,24.1000003814697,26.5096645355225,73.5169525146484,5,1,"March",5,2.30054644346237,0.191712203621864,0.000213013559579849,"elevated"
"12","5-1",2014-03-22 11:00:00,-2.50329933333333,-71.0730675651297,219.648028467186,-12.07255,-9.56925066666667,0.0267885271459818,0.196990251541138,2014-03-22 10:51:00,2014-03-22,1.02316957098122,"Day",7.3535305045946,1576,400.399993896484,25,27.4813213348389,72.0999221801758,5,1,"March",5,2.12749471664429,0.177291226387024,0.000196990251541138,"elevated"
"12","5-1",2014-03-22 11:15:00,-2.6756296666667,-51.9123009672624,163.616356571301,-12.1764366666667,-9.500807,0.0196586474776268,0.185319989919662,2014-03-22 11:06:00,2014-03-22,1.21445193234813,"Day",9.42689420167752,1612.59997558594,398.100006103516,25.5599994659424,28.0654983520508,67.9933166503906,5,1,"March",5,2.00145589113235,0.166787990927696,0.000185319989919662,"elevated"
"12","5-1",2014-03-22 11:30:00,-2.736202,-76.3521288677644,268.205059480541,-12.14814,-9.411938,0.0217720158398151,0.170267283916473,2014-03-22 11:21:00,2014-03-22,1.35439059573908,"Day",7.82046481911429,1598.59997558594,395.700012207031,26.3400001525879,28.9148387908936,66.0213623046875,5,1,"March",5,1.83888666629791,0.153240555524826,0.000170267283916473,"elevated"
"12","5-1",2014-03-22 11:45:00,-2.777066,-81.8549586170715,298.854233872487,-12.0563,-9.279234,0.0200518500059843,0.150814011693001,2014-03-22 11:36:00,2014-03-22,1.27200698235874,"Day",7.52120186656052,908.200012207031,395.700012207031,26.1000003814697,28.2041358947754,66.7457122802734,5,1,"March",5,1.62879132628441,0.135732610523701,0.000150814011693001,"elevated"
"12","5-1",2014-03-22 12:00:00,-2.94539016666667,-68.9032715994259,258.541040725088,-12.0827575,-9.13736733333333,0.0268589481711388,0.154919326305389,2014-03-22 11:51:00,2014-03-22,1.45721237300589,"Day",5.76788507570292,1631.80004882812,395.700012207031,26.8999996185303,29.4464092254639,64.5462799072266,5,1,"March",5,1.6731287240982,0.13942739367485,0.000154919326305389,"elevated"
"12","5-1",2014-03-22 12:15:00,-3.10889066666667,-64.5123989832207,254.71797469678,-12.04954,-8.94064933333333,0.0273642782121897,0.154201596975327,2014-03-22 12:06:00,2014-03-22,1.59873047059537,"Day",5.63514212871275,1686.59997558594,394.5,28,30.7809371948242,63.9671211242676,5,1,"March",5,1.66537724733353,0.138781437277794,0.000154201596975327,"elevated"
"12","5-1",2014-03-22 12:30:00,-3.32503525,-42.033169642549,164.801251043468,-12.17567,-8.85063475,0.0253833197057247,0.137721911072731,2014-03-22 12:21:00,2014-03-22,1.65997886520433,"Day",5.42568555529285,1685.80004882812,394.5,28.2399997711182,31.0242004394531,63.1016235351562,5,1,"March",5,1.48739663958549,0.123949719965458,0.000137721911072731,"elevated"
"12","5-1",2014-03-22 12:45:00,-3.27690566666663,-45.8866196480057,179.560327091106,-12.2210333333333,-8.94412766666667,0.0263784117996693,0.131265938282013,2014-03-22 12:36:00,2014-03-22,1.82081464459508,"Day",4.97626389636008,1675,394.5,28.3999996185303,31.1477279663086,59.8099822998047,5,1,"March",5,1.41767213344574,0.118139344453812,0.000131265938282013,"elevated"
"12","5-1",2014-03-22 13:00:00,-3.21766325,-51.3746078126085,200.975206384273,-12.17351,-8.95584675,0.0336267724633217,0.126532107591629,2014-03-22 12:51:00,2014-03-22,1.91923481568511,"Day",3.76283830776931,1665.59997558594,393.399993896484,29.1599998474121,31.742301940918,59.04296875,5,1,"March",5,1.36654676198959,0.113878896832466,0.000126532107591629,"elevated"
"12","5-1",2014-03-22 13:15:00,-3.28266200000003,-45.4746471957983,178.02725048318,-12.2106066666667,-8.92794466666667,0.0355292670428753,0.125997960567474,2014-03-22 13:06:00,2014-03-22,2.05552385344207,"Day",3.54631465983875,1647.80004882812,392.200012207031,29.4799995422363,32.1740112304688,57.1920166015625,5,1,"March",5,1.36077797412872,0.113398164510727,0.000125997960567474,"elevated"
"12","5-1",2014-03-22 13:30:00,-3.3953875,-32.3249625785181,125.023762861382,-12.3649225,-8.969535,0.0371649749577045,0.11334502696991,2014-03-22 13:21:00,2014-03-22,2.17662680558247,"Day",3.04978079761661,1629,392.200012207031,30.0200004577637,32.6438446044922,55.8540649414062,5,1,"March",5,1.22412629127503,0.102010524272919,0.00011334502696991,"elevated"
"12","5-1",2014-03-22 13:45:00,-3.4041713333333,-32.6628091232529,126.855286120901,-12.3012133333333,-8.897042,0.0352467261254787,0.105568543076515,2014-03-22 13:36:00,2014-03-22,2.37714608499155,"Day",2.99513046121475,1634.80004882812,391,30.3600006103516,32.8940734863281,52.4602890014648,5,1,"March",5,1.14014026522636,0.0950116887688635,0.000105568543076515,"elevated"
"12","5-1",2014-03-22 14:00:00,-3.35538225,-37.482183275201,145.897495780193,-12.2095675,-8.85418525,0.0367094241082668,0.0932585075497627,2014-03-22 13:51:00,2014-03-22,2.1927188500936,"Day",2.54045139130257,716.200012207031,391,30,32.0212783813477,53.9392738342285,5,1,"March",5,1.00719188153744,0.0839326567947864,9.32585075497627e-05,"elevated"
"12","5-1",2014-03-22 14:15:00,-3.44013399999997,-32.040356909276,125.607513689865,-12.2567533333333,-8.81661933333333,0.0202706325799227,0.0650917366147041,2014-03-22 14:06:00,2014-03-22,1.88823045070324,"Day",3.21113494401626,515.400024414062,391,28.8600006103516,30.8282699584961,57.5569381713867,5,1,"March",5,0.702990755438804,0.0585825629532337,6.50917366147041e-05,"elevated"
"12","5-1",2014-03-22 14:30:00,-3.4351315,-29.276115808631,113.355416147821,-12.2469625,-8.811831,0.0199511591345072,0.0684696584939957,2014-03-22 14:21:00,2014-03-22,1.8737432946157,"Day",3.43186368432959,500.600006103516,389.899993896484,28.6399993896484,31.2636241912842,58.9132843017578,5,1,"March",5,0.739472311735153,0.0616226926445961,6.84696584939957e-05,"elevated"
"12","5-1",2014-03-22 14:45:00,-3.30085633333333,-32.0201169431295,119.800854264537,-12.06035,-8.75949366666667,0.0224060043692589,0.113106913864613,2014-03-22 14:36:00,2014-03-22,2.18966813997239,"Day",5.04806265323217,1516,388.700012207031,30.0200004577637,33.4617385864258,57.5801963806152,5,1,"March",5,1.22155466973782,0.101796222478152,0.000113106913864613,"elevated"
"12","5-1",2014-03-22 15:00:00,-3.27894466666663,-31.2178982017968,115.609165897061,-12.2260833333333,-8.94713866666667,0.0142208561301231,0.108341135084629,2014-03-22 14:51:00,2014-03-22,2.07278327862755,"Day",7.61846784000134,471.799987792969,388.700012207031,29.3600006103516,31.6070995330811,55.4261283874512,5,1,"March",5,1.17008425891399,0.0975070215761661,0.000108341135084629,"elevated"
"12","5-1",2014-03-22 15:15:00,-3.2531965,-24.555488059263,87.9661679229324,-11.99627,-8.7430735,0.0187653284519911,0.0441987961530685,2014-03-22 15:06:00,2014-03-22,1.7371246764458,"Day",2.35534359369973,240.399993896484,389.899993896484,28.1800003051758,30.0475845336914,59.1712417602539,5,1,"March",5,0.47734699845314,0.0397789165377616,4.41987961530685e-05,"elevated"
"12","5-1",2014-03-22 15:30:00,-2.93403600000003,-32.0953748172946,105.28006788533,-11.3693466666667,-8.43531066666667,0.0127463340759277,0.00769049068912864,2014-03-22 15:21:00,2014-03-22,1.89175913208236,"Day",0.603349217376361,104.599998474121,392.200012207031,27.8799991607666,29.737606048584,54.7385101318359,5,1,"March",5,0.0830572994425893,0.00692144162021578,7.69049068912864e-06,"elevated"
"12","5-1",2014-03-22 15:45:00,-2.75776125,-60.1709727034156,201.71045667587,-11.4124775,-8.65471625,0.0176523290574551,0.00827850308269262,2014-03-22 15:36:00,2014-03-22,1.72771493987486,"Day",0.468975116866881,251.600006103516,393.399993896484,26.2000007629395,28.9547901153564,56.7554931640625,5,1,"March",5,0.0894078332930803,0.00745065277442336,8.27850308269262e-06,"elevated"
"12","5-1",2014-03-22 16:00:00,-3.17241666666667,-32.3675756542436,115.967886841699,-11.8694,-8.69698333333333,0.0276288576424122,0.0525592677295208,2014-03-22 15:51:00,2014-03-22,1.35288011076916,"Day",1.90233227916158,360.399993896484,392.200012207031,26.1599998474121,28.8232307434082,65.8789215087891,5,1,"March",5,0.567640091478825,0.0473033409565687,5.25592677295208e-05,"elevated"
"12","5-1",2014-03-22 16:15:00,-3.2344235,-21.2330276052123,74.7024672208574,-11.9882525,-8.753829,0.0242574028670788,0.0632349774241447,2014-03-22 16:06:00,2014-03-22,1.00110079157029,"Day",2.60683213988934,272.200012207031,388.700012207031,25.6599998474121,28.3265171051025,74.0135192871094,5,1,"March",5,0.682937756180763,0.0569114796817302,6.32349774241447e-05,"elevated"
"12","5-1",2014-03-22 16:30:00,-2.6946546666667,-26.3285290670728,77.3191499391852,-11.4764466666667,-8.781792,0.00829413440078497,0.0454991683363914,2014-03-22 16:21:00,2014-03-22,1.15362704900155,"Day",5.48570425047433,237,388.700012207031,25.8600006103516,28.0989418029785,69.6554565429688,5,1,"March",5,0.491391018033027,0.0409492515027523,4.54991683363914e-05,"elevated"
"12","5-1",2014-03-22 16:45:00,-2.01558625,-74.776626199103,179.792022436211,-10.9863375,-8.97075125,0.0199701059609652,0.0315218307077885,2014-03-22 16:36:00,2014-03-22,0.965046128171125,"Day",1.57845084895408,217.600006103516,388.700012207031,25.0799999237061,27.8500270843506,74.2451629638672,5,1,"March",5,0.340435771644116,0.0283696476370097,3.15218307077885e-05,"elevated"
"12","5-1",2014-03-22 17:00:00,-1.66259866666663,-170.131799670666,400.279226542959,-10.4801333333333,-8.81753466666667,0.0173921454697847,0.0261746235191822,2014-03-22 16:51:00,2014-03-22,0.785269074178751,"Day",1.50496806530599,187,389.899993896484,24.4799995422363,27.3077239990234,78.368522644043,5,1,"March",5,0.282685934007168,0.023557161167264,2.61746235191822e-05,"elevated"
"12","5-1",2014-03-22 17:15:00,-2.052996,-35.6711562251514,79.9381973360238,-10.650265,-8.597269,0.0130526330322027,0.025141105055809,2014-03-22 17:06:00,2014-03-22,0.674260274922349,"Day",1.92613283417854,159.600006103516,389.899993896484,24.2600002288818,26.7585258483887,80.8184051513672,5,1,"March",5,0.271523934602737,0.0226269945502281,2.5141105055809e-05,"elevated"
"12","5-1",2014-03-22 17:30:00,-1.99456299999997,-30.9979591259892,66.6630087187092,-10.7109933333333,-8.71643033333333,0.0103951534256339,0.0117809204384685,2014-03-22 17:21:00,2014-03-22,0.676439788814779,"Day",1.13330895236402,112,392.200012207031,23.7600002288818,26.357608795166,80.2968597412109,5,1,"March",5,0.12723394073546,0.0106028283946216,1.17809204384685e-05,"elevated"
"12","5-1",2014-03-22 17:45:00,-1.9538118333333,-29.311828642673,61.4303289219397,-10.4578433333333,-8.5040315,0.011635797098279,-0.00765643268823624,2014-03-22 17:36:00,2014-03-22,0.634744092784952,"Day",-0.658006720430753,60,395.700012207031,23.6800003051758,26.3494567871094,81.5024719238281,5,1,"March",5,-0.0826894730329514,-0.00689078941941262,-7.65643268823624e-06,"elevated"
"12","5-1",2014-03-22 18:00:00,-1.73764316666667,-36.1949847866149,67.8617329002842,-10.3102475,-8.57260433333333,0.0062591121532023,-0.0139559488743544,2014-03-22 17:51:00,2014-03-22,0.635877790044418,"Day",-2.22970103950194,16,398.100006103516,23.4799995422363,25.8518810272217,80.9167175292969,5,1,"March",5,-0.150724247843028,-0.012560353986919,-1.39559488743544e-05,"elevated"
"12","5-1",2014-03-22 18:15:00,-1.60886775,-35.7848375309954,61.7626099010366,-10.25986,-8.65099225,0.00298539595678449,-0.0256082080304623,2014-03-22 18:06:00,2014-03-22,0.871844612793825,"Night",-8.57782632560552,2,406.299987792969,24.0400009155273,26.4441070556641,74.7342910766602,5,1,"March",5,-0.276568646728993,-0.0230473872274161,-2.56082080304623e-05,"elevated"
"12","5-1",2014-03-22 18:30:00,-1.45923633333333,-35.732842084656,55.6125433443616,-10.25121,-8.79197366666667,0.00924925226718187,-0.0276656914502382,2014-03-22 18:21:00,2014-03-22,0.820799711054894,"Night",-2.9911273528998,0,407.5,23.6599998474121,26.2368240356445,75.9210586547852,5,1,"March",5,-0.298789467662573,-0.0248991223052144,-2.76656914502382e-05,"elevated"
"12","5-1",2014-03-22 18:45:00,-1.22480733333333,-42.1932045608661,55.0860161883609,-10.17871,-8.95390266666667,0.00896833371371031,-0.025040477514267,2014-03-22 18:36:00,2014-03-22,0.665930559667485,"Night",-2.79209921414793,0,423.899993896484,22.9599990844727,25.5513973236084,79.6558227539062,5,1,"March",5,-0.270437157154084,-0.0225364297628403,-2.5040477514267e-05,"elevated"
"12","5-1",2014-03-22 19:00:00,-1.0375975,-140.488697464983,172.72381409467,-10.276625,-9.2390275,0.00925963185727596,-0.0347811430692673,2014-03-22 18:51:00,2014-03-22,0.634813792827623,"Night",-3.75621229929754,0,412.200012207031,23.2000007629395,25.7169418334961,80.7958221435547,5,1,"March",5,-0.375636345148087,-0.0313030287623406,-3.47811430692673e-05,"elevated"
"12","5-1",2014-03-22 19:15:00,-1.2622326666667,-36.4562285468835,48.7699815079444,-10.4475666666667,-9.185334,0.00257568270899355,-0.0253515280783176,2014-03-22 19:06:00,2014-03-22,0.848327916850134,"Night",-9.84264404532332,0,409.799987792969,23.5400009155273,26.0780296325684,74.8790664672852,5,1,"March",5,-0.27379650324583,-0.0228163752704858,-2.53515280783176e-05,"elevated"
"12","5-1",2014-03-22 19:30:00,-1.50349825,-15.6927166914989,24.4275163036776,-10.529195,-9.02569675,0.0040771933272481,-0.0282685942947865,2014-03-22 19:21:00,2014-03-22,0.822808791022853,"Night",-6.93334655138032,0,415.700012207031,23.0400009155273,25.7096939086914,75.0979690551758,5,1,"March",5,-0.305300818383694,-0.0254417348653078,-2.82685942947865e-05,"elevated"
"12","5-1",2014-03-22 19:45:00,-1.07302733333337,-143.859686292175,184.877076376542,-10.6723966666667,-9.59936933333333,0.00653169583529234,-0.0278826765716076,2014-03-22 19:36:00,2014-03-22,0.563871117465375,"Night",-4.2688265459256,0,412.200012207031,21.8400001525879,24.194917678833,81.322624206543,5,1,"March",5,-0.301132906973362,-0.0250944089144468,-2.78826765716076e-05,"elevated"
"12","5-1",2014-03-22 20:00:00,-1.443836,-15.3533297419402,22.9257465211582,-10.89803,-9.454194,0.00465915445238352,-0.0205130577087402,2014-03-22 19:51:00,2014-03-22,0.399316119709276,"Night",-4.40274258309814,0,408.600006103516,20.4400005340576,22.9141101837158,85.7125625610352,5,1,"March",5,-0.221541023254394,-0.0184617519378662,-2.05130577087402e-05,"elevated"
"12","5-1",2014-03-22 20:15:00,-1.65524433333333,-12.229079908965,20.8965197275923,-11.07432,-9.41907566666667,0.00539588462561369,-0.0214250832796097,2014-03-22 20:06:00,2014-03-22,0.363250232359269,"Night",-3.97063406024419,0,407.5,20.2399997711182,22.6321983337402,86.7790832519531,5,1,"March",5,-0.231390899419785,-0.0192825749516487,-2.14250832796097e-05,"elevated"
"12","5-1",2014-03-22 20:30:00,-1.37403275,-17.1323749234871,24.3854689912364,-11.112355,-9.73832225,0.0044782655313611,-0.0195802208036184,2014-03-22 20:21:00,2014-03-22,0.333226726657852,"Night",-4.37227776390189,0,414.5,19.8999996185303,22.3599796295166,87.6696929931641,5,1,"March",5,-0.211466384679079,-0.0176221987232566,-1.95802208036184e-05,"elevated"
"12","5-1",2014-03-22 20:45:00,-1.9200096666667,-9.34359073437701,18.478659403841,-11.2222266666667,-9.302217,0.00325673935003579,-0.0196245796978474,2014-03-22 20:36:00,2014-03-22,0.31130084855949,"Night",-6.02583676143187,0,415.700012207031,19.4799995422363,22.0095443725586,88.2326812744141,5,1,"March",5,-0.211945460736752,-0.0176621217280627,-1.96245796978474e-05,"elevated"
"12","5-1",2014-03-22 21:00:00,-1.96756625,-8.8382762076599,17.9001413793086,-11.1153225,-9.14775625,0.00293398718349636,-0.0223247930407524,2014-03-22 20:51:00,2014-03-22,0.292180038883386,"Night",-7.60902882136947,0,418,19.2399997711182,21.7001399993896,88.7449569702148,5,1,"March",5,-0.241107764840126,-0.0200923137366772,-2.23247930407524e-05,"elevated"
"12","5-1",2014-03-22 21:15:00,-2.012489,-8.75480695526143,18.1432410648784,-11.27822,-9.265731,0.00361996563151479,-0.0173822659999132,2014-03-22 21:06:00,2014-03-22,0.302356899974581,"Night",-4.8017765275411,0,415.700012207031,19.2800006866455,21.7362232208252,88.3785781860352,5,1,"March",5,-0.187728472799063,-0.0156440393999219,-1.73822659999132e-05,"elevated"
"12","5-1",2014-03-22 21:30:00,-1.747177,-11.6528166137739,21.0263802637783,-11.35525,-9.608073,0.00330161349847913,-0.0203202702105045,2014-03-22 21:21:00,2014-03-22,0.323334238670632,"Night",-6.15464839232847,0,416.899993896484,19.3400001525879,21.8508453369141,87.6589508056641,5,1,"March",5,-0.219458918273449,-0.0182882431894541,-2.03202702105045e-05,"elevated"
"12","5-1",2014-03-22 21:45:00,-1.792233,-11.0938150046621,20.5263465893824,-11.4743275,-9.6820945,0.00261140055954456,-0.0140975592657924,2014-03-22 21:36:00,2014-03-22,0.320559572003862,"Night",-5.39846681669205,0,427.399993896484,19.2000007629395,21.7429485321045,87.6839981079102,5,1,"March",5,-0.152253640070558,-0.0126878033392132,-1.40975592657924e-05,"elevated"
"12","5-1",2014-03-22 22:00:00,-1.60710599999997,-12.2925490979942,20.3907813363198,-11.4033533333333,-9.79624733333333,0.00270802085287869,-0.0248444266617298,2014-03-22 21:51:00,2014-03-22,0.297481507304872,"Night",-9.17438528411611,0,423.899993896484,18.9400005340576,21.4545211791992,88.3673248291016,5,1,"March",5,-0.268319807946682,-0.0223599839955568,-2.48444266617298e-05,"elevated"
"12","5-1",2014-03-22 22:15:00,-1.85297325,-10.0352849219756,19.1725151230776,-11.520945,-9.66797175,0.00293135712854564,-0.0188201498240232,2014-03-22 22:06:00,2014-03-22,0.304835057051162,"Night",-6.42028555332002,0,426.299987792969,18.9799995422363,21.600284576416,88.1855926513672,5,1,"March",5,-0.203257618099451,-0.0169381348416209,-1.88201498240232e-05,"elevated"
"12","5-1",2014-03-22 22:30:00,-2.01912866666667,-9.33516551929391,19.43889567974,-11.50238,-9.48325133333333,0.0021352528128773,-0.00808904971927404,2014-03-22 22:21:00,2014-03-22,0.289260987565222,"Night",-3.78833347999382,0,429.799987792969,18.9200000762939,21.4111728668213,88.6587219238281,5,1,"March",5,-0.0873617369681596,-0.00728014474734664,-8.08904971927404e-06,"elevated"
"12","5-1",2014-03-22 22:45:00,-1.55609775,-16.5040426693361,26.6742208540371,-11.5194525,-9.96335475,0.00188474869355559,-0.0158136058598757,2014-03-22 22:36:00,2014-03-22,0.280674119584112,"Night",-8.39029941442389,0,423.899993896484,18.6599998474121,21.2116928100586,88.8600540161133,5,1,"March",5,-0.170786943286658,-0.0142322452738881,-1.58136058598757e-05,"elevated"
"12","5-1",2014-03-22 23:00:00,-1.71807000000003,-11.4413947318115,20.2887266901413,-11.4739466666667,-9.75587666666667,0.00226518418639898,-0.0138857327401638,2014-03-22 22:51:00,2014-03-22,0.280783316361374,"Night",-6.13006784328575,0,420.399993896484,18.6000003814697,21.1486778259277,88.8125610351562,5,1,"March",5,-0.149965913593769,-0.0124971594661474,-1.38857327401638e-05,"elevated"
"12","5-1",2014-03-22 23:15:00,-1.58159425,-12.3760542590345,20.200410287124,-11.44102,-9.85942575,0.00140830769669265,-0.0135683473199606,2014-03-22 23:06:00,2014-03-22,0.276638025845925,"Night",-9.63450483997589,0,419.200012207031,18.5599994659424,20.9771404266357,88.8610305786133,5,1,"March",5,-0.146538151055574,-0.0122115125879645,-1.35683473199606e-05,"elevated"
"12","5-1",2014-03-22 23:30:00,-1.8450653333333,-9.02486130092088,17.1324234509361,-11.4219033333333,-9.576838,0.000941833306569606,-0.0330720506608486,2014-03-22 23:21:00,2014-03-22,0.265835930553662,"Night",-35.1145477975347,0,449.700012207031,18.2999992370605,20.7524642944336,89.1470794677734,5,1,"March",5,-0.357178147137165,-0.0297648455947637,-3.30720506608486e-05,"elevated"
"12","5-1",2014-03-22 23:45:00,-1.80834675,-9.41812561453156,17.5299430284955,-11.4175825,-9.60923575,0.00162951415404677,-0.0184789299964905,2014-03-22 23:36:00,2014-03-22,0.277402523577625,"Night",-11.3401469699416,0,442.700012207031,18.2999992370605,20.7517852783203,88.6743927001953,5,1,"March",5,-0.199572443962097,-0.0166310369968415,-1.84789299964905e-05,"elevated"
"12","5-1",2014-03-23 00:00:00,-1.7929993333333,-9.21823344539426,17.0037112034143,-11.4317733333333,-9.638774,0.0016423121560365,-0.0209929272532463,2014-03-22 23:51:00,2014-03-22,0.268723537686873,"Night",-12.7825439129124,0,448.600006103516,17.9599990844727,20.6097965240479,88.9323883056641,5,1,"March",5,-0.22672361433506,-0.0188936345279217,-2.09929272532463e-05,"elevated"
"12","5-1",2014-03-23 00:15:00,-1.0342639166667,-100.63939176631,117.676493849784,-11.3882366666667,-10.35397275,NA,-0.0112139582633972,2014-03-23 00:06:00,2014-03-23,0.25551691933248,"Night",NA,0,452.100006103516,18.3600006103516,20.9449672698975,89.6911239624023,5,1,"March",5,-0.12111074924469,-0.0100925624370575,-1.12139582633972e-05,"elevated"
"12","5-1",2014-03-23 00:30:00,-1.4270918333333,-28.0207914890718,42.1590690310974,-11.5030825,-10.0759906666667,0.00295135239139199,-0.0159851778298616,2014-03-23 00:21:00,2014-03-23,0.257596654962505,"Night",-5.41622134872288,0,467.399993896484,18.7199993133545,21.2896156311035,89.8247222900391,5,1,"March",5,-0.172639920562505,-0.0143866600468754,-1.59851778298616e-05,"elevated"
"12","5-1",2014-03-23 00:45:00,-1.1871858333333,-17.8153943789847,21.8663353238557,-11.6011433333333,-10.4139575,0.00325772585347295,-0.0203927792608738,2014-03-23 00:36:00,2014-03-23,0.264673068005416,"Night",-6.25982055522989,0,467.399993896484,19.0799999237061,21.6388530731201,89.7662963867188,5,1,"March",5,-0.220242016017437,-0.0183535013347864,-2.03927792608738e-05,"elevated"
"12","5-1",2014-03-23 01:00:00,-1.3126341666667,-13.3881751094615,18.1033009542762,-11.6764075,-10.3637733333333,0.0024969270452857,-0.0159678030759096,2014-03-23 00:51:00,2014-03-23,0.266991216605795,"Night",-6.3949818261841,0,465,19.2600002288818,21.8464164733887,89.8067016601562,5,1,"March",5,-0.172452273219824,-0.0143710227683186,-1.59678030759096e-05,"elevated"
"12","5-1",2014-03-23 01:15:00,-1.2712033333333,-17.1031864960517,22.4939444268337,-11.7036733333333,-10.43247,0.00260443123988807,-0.0151041774079204,2014-03-23 01:06:00,2014-03-23,0.263709814087388,"Night",-5.79941492660389,0,460.299987792969,19.2999992370605,21.9368438720703,89.9873657226562,5,1,"March",5,-0.16312511600554,-0.0135937596671284,-1.51041774079204e-05,"elevated"
"12","5-1",2014-03-23 01:30:00,-1.2622925,-17.2969947752748,22.5946611426184,-11.837555,-10.5752625,0.00198269984684885,-0.0169440563768148,2014-03-23 01:21:00,2014-03-23,0.257579425476483,"Night",-8.54595132175173,0,455.600006103516,19.3999996185303,21.9499053955078,90.227912902832,5,1,"March",5,-0.1829958088696,-0.0152496507391333,-1.69440563768148e-05,"elevated"
"12","5-1",2014-03-23 01:45:00,-1.14269,-17.9361097639134,21.1802700969974,-11.8392466666667,-10.6965566666667,0.00218223035335541,-0.0188623480498791,2014-03-23 01:36:00,2014-03-23,0.262701262010548,"Night",-8.64360997493974,0,449.700012207031,19.4400005340576,21.9818286895752,90.052978515625,5,1,"March",5,-0.203713358938694,-0.0169761132448912,-1.88623480498791e-05,"elevated"
"12","5-1",2014-03-23 02:00:00,-1.2590675,-15.0097621598214,19.4989596391063,-11.9062075,-10.64714,0.00148054538294673,-0.0134659437462687,2014-03-23 01:51:00,2014-03-23,0.253005739873473,"Night",-9.09525901831356,0,448.600006103516,19.2800006866455,21.8460540771484,90.3404312133789,5,1,"March",5,-0.145432192459702,-0.0121193493716418,-1.34659437462687e-05,"elevated"
"12","5-1",2014-03-23 02:15:00,-1.2497933333333,-12.9548113501885,16.6584706185414,-11.8809933333333,-10.6312,0.00275029707700014,-0.0188520476222038,2014-03-23 02:06:00,2014-03-23,0.263920413016805,"Night",-6.85454956115741,0,449.700012207031,19.6000003814697,22.1516952514648,90.1096954345703,5,1,"March",5,-0.203602114319801,-0.0169668428599834,-1.88520476222038e-05,"elevated"
"12","5-1",2014-03-23 02:30:00,-1.4386175,-12.0061531382478,17.7942177465094,-12.0606225,-10.622005,0.00217912555672228,-0.0254261679947376,2014-03-23 02:21:00,2014-03-23,0.251168885341975,"Night",-11.668060115353,0,452.100006103516,19.5799999237061,22.1562519073486,90.5901641845703,5,1,"March",5,-0.274602614343166,-0.0228835511952638,-2.54261679947376e-05,"elevated"
"12","5-1",2014-03-23 02:45:00,-1.18192,-13.3786628494847,16.2657259290293,-12.0507866666667,-10.8688666666667,0.00218333723023534,-0.0169388819485903,2014-03-23 02:36:00,2014-03-23,0.248352317047835,"Night",-7.75825269409457,0,450.899993896484,19.6599998474121,22.2292251586914,90.7369155883789,5,1,"March",5,-0.182939925044775,-0.0152449937537313,-1.69388819485903e-05,"elevated"
"12","5-1",2014-03-23 03:00:00,-1.528695,-10.2417388846404,16.1032754088491,-12.088195,-10.5595,0.00206930702552199,-0.0185901820659637,2014-03-23 02:51:00,2014-03-23,0.261480212306962,"Night",-8.98377178286256,0,455.600006103516,19.8400001525879,22.3607788085938,90.3249816894531,5,1,"March",5,-0.200773966312408,-0.0167311638593673,-1.85901820659637e-05,"elevated"
"12","5-1",2014-03-23 03:15:00,-1.3912233333334,-13.1938504896696,18.9338072621377,-12.1831466666667,-10.7919233333333,0.00243064505048096,-0.0185086745768785,2014-03-23 03:06:00,2014-03-23,0.253797705578289,"Night",-7.61471716045753,0,458,19.7399997711182,22.3499755859375,90.6030731201172,5,1,"March",5,-0.199893685430288,-0.0166578071191907,-1.85086745768785e-05,"elevated"
"12","5-1",2014-03-23 03:30:00,-1.3771775,-11.7497615562334,16.6538258980529,-12.1794625,-10.802285,0.00176745629869401,-0.0159176420420408,2014-03-23 03:21:00,2014-03-23,0.240684450170277,"Night",-9.00596074358528,0,456.799987792969,19.6800003051758,22.2549877166748,91.0369720458984,5,1,"March",5,-0.171910534054041,-0.0143258778378367,-1.59176420420408e-05,"elevated"
"12","5-1",2014-03-23 03:45:00,-1.66069,-9.8379581834544,16.8180014692414,-12.2151,-10.55441,0.00214284844696522,-0.0174581687897444,2014-03-23 03:36:00,2014-03-23,0.246000888714171,"Night",-8.14717849713977,0,462.700012207031,19.7999992370605,22.3454322814941,90.8892364501953,5,1,"March",5,-0.18854822292924,-0.01571235191077,-1.74581687897444e-05,"elevated"
"12","5-1",2014-03-23 04:00:00,-1.6748766666667,-11.5978760826813,20.0581897528236,-12.14203,-10.4671533333333,0.00194969191215932,-0.0190278422087431,2014-03-23 03:51:00,2014-03-23,0.258553723472107,"Night",-9.75940972523673,0,468.5,19.8999996185303,22.4506034851074,90.4853363037109,5,1,"March",5,-0.205500695854425,-0.0171250579878688,-1.90278422087431e-05,"elevated"
"12","5-1",2014-03-23 04:15:00,-1.7293075,-9.8136281282428,17.4819933832359,-12.27146,-10.5421525,0.0019585401751101,-0.0196333862841129,2014-03-23 04:06:00,2014-03-23,0.252610860110771,"Night",-10.0245001525226,0,469.700012207031,19.7999992370605,22.4500122070312,90.7036972045898,5,1,"March",5,-0.212040571868419,-0.0176700476557016,-1.96333862841129e-05,"elevated"
"12","5-1",2014-03-23 04:30:00,-1.5965966666666,-10.2940996436409,16.920564817865,-12.2301633333333,-10.6335666666667,0.00133143900893629,-0.0211238879710436,2014-03-23 04:21:00,2014-03-23,0.242315096379152,"Night",-15.8654567195833,0,456.799987792969,19.7800006866455,22.3500480651855,91.0282592773438,5,1,"March",5,-0.228137990087271,-0.0190114991739392,-2.11238879710436e-05,"elevated"
"12","5-1",2014-03-23 04:45:00,-1.64006,-11.5468843947786,19.5478575741202,-12.2819175,-10.6418575,0.00170972431078553,-0.0208425931632519,2014-03-23 04:36:00,2014-03-23,0.249203099404972,"Night",-12.1906163653225,0,458,19.7999992370605,22.3568668365479,90.7770538330078,5,1,"March",5,-0.225100006163121,-0.0187583338469267,-2.08425931632519e-05,"elevated"
"12","5-1",2014-03-23 05:00:00,-1.5310466666666,-13.3391568650225,21.1153542360475,-12.3723433333333,-10.8412966666667,0.00186787289567292,-0.0214956477284431,2014-03-23 04:51:00,2014-03-23,0.248839261536651,"Night",-11.5080891094033,0,458,19.6599998474121,22.349250793457,90.7862548828125,5,1,"March",5,-0.232152995467185,-0.0193460829555988,-2.14956477284431e-05,"elevated"
"12","5-1",2014-03-23 05:15:00,-1.5359425,-11.1020534269274,17.5684122090977,-12.3356575,-10.799715,0.000928931462112814,-0.0211592819541693,2014-03-23 05:06:00,2014-03-23,0.239122766370947,"Night",-22.7780873155522,0,449.700012207031,19.5799999237061,22.1505241394043,91.0383377075195,5,1,"March",5,-0.228520245105028,-0.0190433537587524,-2.11592819541693e-05,"elevated"
"12","5-1",2014-03-23 05:30:00,-1.7838666666667,-9.33143866342569,17.1427005742023,-12.32595,-10.5420833333333,0.00101039442233741,-0.0177917201071978,2014-03-23 05:21:00,2014-03-23,0.240411034006955,"Night",-17.6086879676542,0,449.700012207031,19.5200004577637,22.0577049255371,90.9389801025391,5,1,"March",5,-0.192150577157736,-0.016012548096478,-1.77917201071978e-05,"elevated"
"12","5-1",2014-03-23 05:45:00,-1.3783225,-12.5317509051873,17.801340041061,-12.418555,-11.0402325,0.00161996483802795,-0.0201353151351213,2014-03-23 05:36:00,2014-03-23,0.260817811154685,"Night",-12.4294766543407,0,493.200012207031,19.6599998474121,22.1581001281738,90.2297744750977,5,1,"March",5,-0.21746140345931,-0.0181217836216092,-2.01353151351213e-05,"elevated"
"12","5-1",2014-03-23 06:00:00,-1.3047333333333,-14.5654951071457,19.6225918020964,-12.51595,-11.2112166666667,0.00112124683801085,-0.026584729552269,2014-03-23 05:51:00,2014-03-23,0.252899017711579,"Night",-23.7099705890201,0,519,19.5,22.057014465332,90.4679107666016,5,1,"March",5,-0.287115079164505,-0.0239262565970421,-2.6584729552269e-05,"elevated"
"12","5-1",2014-03-23 06:15:00,-2.2000975,-7.52120326259879,17.0429743914159,-12.5316925,-10.331595,0.00145487324334681,-0.0253652613610029,2014-03-23 06:06:00,2014-03-23,0.256358604237545,"Night",-17.434688195002,4,512,19.4400005340576,22.0976009368896,90.3613739013672,5,1,"March",5,-0.273944822698831,-0.0228287352249026,-2.53652613610029e-05,"elevated"
"12","5-1",2014-03-23 06:30:00,-2.0228666666667,-8.62099510209654,17.9767726475095,-12.46886,-10.4459933333333,0.00195149471983314,-0.0287830978631973,2014-03-23 06:21:00,2014-03-23,0.243888556518975,"Day",-14.7492573618946,21.6000003814697,496.700012207031,19.4599990844727,22.0683784484863,90.8138885498047,5,1,"March",5,-0.310857456922531,-0.0259047880768776,-2.87830978631973e-05,"elevated"
"12","5-1",2014-03-23 06:45:00,-1.34785,-58.662853846957,87.044453025271,-12.55946,-11.21161,0.00237227720208466,-0.00577574875205755,2014-03-23 06:36:00,2014-03-23,0.25201793885802,"Day",-2.43468543515153,52.7999992370605,483.799987792969,19.6599998474121,22.3500137329102,90.6689910888672,5,1,"March",5,-0.0623780865222215,-0.00519817387685179,-5.77574875205755e-06,"elevated"
"9","5-1",2014-03-22 06:45:00,-0.64325,-15.5999410838468,10.2659660418905,-12.49648,-11.85323,0.000599481514655054,0.0125460335984826,2014-03-22 06:33:00,2014-03-22,0.0606987434232349,"Day",20.9281408880501,39.4000015258789,523.700012207031,15.7200002670288,15.325665473938,96.5144348144531,5,1,"March",5,0.135497162863612,0.0112914302386343,1.25460335984826e-05,"ambient"
"9","5-1",2014-03-22 07:00:00,-0.749495,-15.0346401079279,11.541309434,-12.3790025,-11.6295075,0.00177071313373744,0.0232881736010313,2014-03-22 06:48:00,2014-03-22,0.0623176700728901,"Day",13.1518613361595,66.4000015258789,524.900024414062,15.8800001144409,15.9217929840088,96.5555572509766,5,1,"March",5,0.251512274891138,0.0209593562409282,2.32881736010313e-05,"ambient"
"9","5-1",2014-03-22 07:15:00,-0.4817,-26.8992460297586,13.2942948075314,-12.3864366666667,-11.9047366666667,0.00312495278194547,0.0451157614588737,2014-03-22 07:03:00,2014-03-22,0.0606039081310474,"Day",14.4372618106526,129.800003051758,537.799987792969,16.1599998474121,16.774227142334,96.8273162841797,5,1,"March",5,0.487250223755836,0.0406041853129863,4.51157614588737e-05,"ambient"
"9","5-1",2014-03-22 07:30:00,-0.650165000000001,-18.3758778685091,12.2442701570295,-12.302155,-11.65199,0.000231165497098118,0.0614819191396236,2014-03-22 07:18:00,2014-03-22,0.0678527480251357,"Day",265.964946808337,127.599998474121,507.299987792969,16.6399993896484,16.7149391174316,96.4344329833984,5,1,"March",5,0.664004726707935,0.0553337272256612,6.14819191396236e-05,"ambient"
"9","5-1",2014-03-22 07:45:00,-0.34296,-33.2641329954452,11.6819924158331,-12.0231266666667,-11.6801666666667,0.00255286321043968,0.101513840258121,2014-03-22 07:33:00,2014-03-22,0.0877827221128333,"Day",39.7647002169919,187.600006103516,483.799987792969,17.1399993896484,16.9491844177246,95.4552001953125,5,1,"March",5,1.09634947478771,0.0913624562323089,0.000101513840258121,"ambient"
"9","5-1",2014-03-22 08:00:00,-0.2404575,253.955851728431,-58.2042631740948,-11.9055125,-11.665055,0.00561874825507402,0.130116075277328,2014-03-22 07:48:00,2014-03-22,0.119214839237842,"Day",23.1574844378954,232.399993896484,470.899993896484,17.5799999237061,17.4307727813721,94.0131072998047,5,1,"March",5,1.40525361299514,0.117104467749595,0.000130116075277328,"ambient"
"9","5-1",2014-03-22 08:15:00,-0.568486666666701,-146.301165290381,91.9252645968224,-12.07018,-11.5016933333333,0.00740998890250921,0.101251944899559,2014-03-22 08:03:00,2014-03-22,0.0894883126100319,"Day",13.6642505450005,279.399993896484,459.100006103516,17.9799995422363,17.3906326293945,95.4945449829102,5,1,"March",5,1.09352100491524,0.0911267504096031,0.000101251944899559,"ambient"
"9","5-1",2014-03-22 08:30:00,-0.917505,-11.3373584907009,10.63623873416,-11.6128075,-10.6953025,0.0091606080532074,0.122510924935341,2014-03-22 08:18:00,2014-03-22,0.116975681382059,"Day",13.3736673617911,782.799987792969,453.299987792969,18.0200004577637,18.1699142456055,94.3927307128906,5,1,"March",5,1.32311798930168,0.110259832441807,0.000122510924935341,"ambient"
"9","5-1",2014-03-22 08:45:00,-0.220175999999999,-19.7128347819641,4.40531485085384,-10.4195463333333,-10.1993703333333,0.00900714006274939,0.137195616960526,2014-03-22 08:33:00,2014-03-22,0.118930184565321,"Day",15.2318733809772,650.799987792969,447.399993896484,18.3799991607666,17.7070808410645,94.130615234375,5,1,"March",5,1.48171266317368,0.123476055264473,0.000137195616960526,"ambient"
"9","5-1",2014-03-22 09:00:00,-0.3957675,-29.1864129797606,11.8179175078583,-11.0319475,-10.63618,0.0116652967408299,0.115785703063011,2014-03-22 08:48:00,2014-03-22,0.12763892648647,"Day",9.9256543262845,655.599975585938,443.899993896484,18.8799991607666,18.2888660430908,93.9270935058594,5,1,"March",5,1.25048559308052,0.10420713275671,0.000115785703063011,"ambient"
"9","5-1",2014-03-22 09:15:00,-0.834826666666601,-18.6038582275999,15.9528209693116,-10.9109733333333,-10.0761466666667,0.0153513876721263,0.155502662062645,2014-03-22 09:03:00,2014-03-22,0.184980452782091,"Day",10.1295508512884,1011.40002441406,439.200012207031,19.2000007629395,19.2139587402344,91.6933517456055,5,1,"March",5,1.67942875027657,0.139952395856381,0.000155502662062645,"ambient"
"9","5-1",2014-03-22 09:30:00,-0.59545833333333,-29.2933677048194,17.943100595877,-10.42961,-9.83415166666667,0.0187425818294287,0.15901230275631,2014-03-22 09:18:00,2014-03-22,0.197738022875447,"Day",8.48401272585809,1185.59997558594,435.700012207031,20.0599994659424,20.0342826843262,91.5613708496094,5,1,"March",5,1.71733286976815,0.143111072480679,0.00015901230275631,"ambient"
"9","5-1",2014-03-22 09:45:00,-0.9521275,-26.8205962720065,26.5112898557169,-11.22743,-10.2753025,0.0181684084236622,0.148544803261757,2014-03-22 09:33:00,2014-03-22,0.186227269203818,"Day",8.17599427522198,989.400024414062,429.799987792969,20.6200008392334,19.9179096221924,91.9951324462891,5,1,"March",5,1.60428387522698,0.133690322935581,0.000148544803261757,"ambient"
"9","5-1",2014-03-22 10:00:00,-0.9019736666667,-32.5219810651462,30.566400985375,-10.9858066666667,-10.083833,0.0187809728085995,0.119431681931019,2014-03-22 09:48:00,2014-03-22,0.240125955409362,"Day",6.35918507247576,1366.40002441406,425.100006103516,20.9400005340576,21.1415233612061,90.4282989501953,5,1,"March",5,1.28986216485501,0.107488513737917,0.000119431681931019,"ambient"
"9","5-1",2014-03-22 10:15:00,-1.01786225,-48.6063721910456,52.6552150901685,-10.9301325,-9.91227025,0.0205921437591314,0.145992487668991,2014-03-22 10:03:00,2014-03-22,0.280931070959765,"Day",7.08971777667645,1066.59997558594,418,22.0599994659424,21.5518131256104,89.0797119140625,5,1,"March",5,1.5767188668251,0.131393238902092,0.000145992487668991,"ambient"
"9","5-1",2014-03-22 10:30:00,-1.4509043333333,-34.2596148103565,52.937676753489,-11.3125033333333,-9.861599,0.0155760031193495,0.155326291918755,2014-03-22 10:18:00,2014-03-22,0.448360747331038,"Day",9.9721533649283,1452,412.200012207031,23.0200004577637,22.2604217529297,83.3086776733398,5,1,"March",5,1.67752395272255,0.139793662726879,0.000155326291918755,"ambient"
"9","5-1",2014-03-22 10:45:00,-1.840802,-22.9815923499513,44.7165929032698,-11.6358575,-9.7950555,0.0152428783476353,0.141241177916527,2014-03-22 10:33:00,2014-03-22,0.685142427737328,"Day",9.26604376780574,1508.40002441406,407.5,23.9400005340576,22.896369934082,75.4594268798828,5,1,"March",5,1.52540472149849,0.127117060124874,0.000141241177916527,"ambient"
"9","5-1",2014-03-22 11:00:00,-1.81517733333337,-23.864558251295,45.8253434900021,-11.3879666666667,-9.57278933333333,0.0222004633396864,0.133368879556656,2014-03-22 10:48:00,2014-03-22,0.804765715054443,"Day",6.00748180414057,1537.40002441406,402.799987792969,24.8600006103516,24.4518299102783,73.7502593994141,5,1,"March",5,1.44038389921188,0.12003199160099,0.000133368879556656,"ambient"
"9","5-1",2014-03-22 11:15:00,-1.8336205,-28.8061672129026,56.4408012762238,-11.34008,-9.5064595,0.0138654252514243,0.135003611445427,2014-03-22 11:03:00,2014-03-22,0.962568989708308,"Day",9.73670904407052,1597,399.200012207031,25.4200000762939,24.719554901123,69.1013336181641,5,1,"March",5,1.45803900361061,0.121503250300884,0.000135003611445427,"ambient"
"9","5-1",2014-03-22 11:30:00,-1.9092153333333,-30.7200549081767,63.0721652902015,-11.4425633333333,-9.533348,0.0156758222728968,0.123668394982815,2014-03-22 11:18:00,2014-03-22,1.08597719079617,"Day",7.88911693625382,1580.19995117188,396.899993896484,25.9799995422363,25.3903884887695,66.5048370361328,5,1,"March",5,1.3356186658144,0.111301555484533,0.000123668394982815,"ambient"
"9","5-1",2014-03-22 11:45:00,-2.27065225,-28.3546131130456,69.6779032962002,-11.600985,-9.33033275,0.0176250897347927,0.116411253809929,2014-03-22 11:33:00,2014-03-22,1.13741479200286,"Day",6.60486020562652,1691.59997558594,395.700012207031,26.7800006866455,25.9092082977295,65.980712890625,5,1,"March",5,1.25724154114723,0.104770128428936,0.000116411253809929,"ambient"
"9","5-1",2014-03-22 12:00:00,-2.45133466666663,-28.5332356302454,76.1490383373961,-11.5342433333333,-9.08290866666667,0.0183287709951401,0.105289041996002,2014-03-22 11:48:00,2014-03-22,1.21316307323696,"Day",5.74446819287119,1660.59997558594,395.700012207031,26.6399993896484,26.3182048797607,64.5811462402344,5,1,"March",5,1.13712165355682,0.0947601377964018,0.000105289041996002,"ambient"
"9","5-1",2014-03-22 12:15:00,-2.39658375,-31.8164527632059,83.5809567208029,-11.45056,-9.05397625,0.022963248193264,0.115228667855263,2014-03-22 12:03:00,2014-03-22,1.32719442540214,"Day",5.01796030271814,1684,394.5,27.5599994659424,27.4529552459717,63.7496223449707,5,1,"March",5,1.24446961283684,0.103705801069737,0.000115228667855263,"ambient"
"9","5-1",2014-03-22 12:30:00,-2.46952766666667,-31.4279110224833,85.2009289511717,-11.457745,-8.98821733333333,0.0243070349097252,0.104364119470119,2014-03-22 12:18:00,2014-03-22,1.36752871055818,"Day",4.29357673026436,1641.40002441406,394.5,28.0799999237061,27.6967639923096,63.1761322021484,5,1,"March",5,1.12713249027729,0.0939277075231071,0.000104364119470119,"ambient"
"9","5-1",2014-03-22 12:45:00,-2.6661291666667,-27.5864667187113,80.4023015517963,-11.6875066666667,-9.0213775,0.0258773863315582,0.104188308119774,2014-03-22 12:33:00,2014-03-22,1.47697424282988,"Day",4.02622995942651,1680.19995117188,394.5,28.5799999237061,28.0629024505615,61.0687026977539,5,1,"March",5,1.12523372769356,0.0937694773077966,0.000104188308119774,"ambient"
"9","5-1",2014-03-22 13:00:00,-2.6018115,-35.2289224224668,102.217591065888,-11.6360775,-9.034266,0.0275427345186472,0.0984956622123718,2014-03-22 12:48:00,2014-03-22,1.60023586225386,"Day",3.57610324224298,1671.19995117188,393.399993896484,28.8799991607666,28.7716102600098,59.5195846557617,5,1,"March",5,1.06375315189362,0.0886460959911346,9.84956622123718e-05,"ambient"
"9","5-1",2014-03-22 13:15:00,-2.5265166666667,-41.1276719669767,117.466378420404,-11.4988466666667,-8.97233,0.0246822237968445,0.0964100435376167,2014-03-22 13:03:00,2014-03-22,1.66937483518196,"Day",3.90605175332469,1657,393.399993896484,29.2600002288818,28.8548145294189,57.9734573364258,5,1,"March",5,1.04122847020626,0.086769039183855,9.64100435376167e-05,"ambient"
"9","5-1",2014-03-22 13:30:00,-2.74366875,-33.7400077187093,103.353308481348,-11.7494325,-9.00576375,0.0263038892298937,0.0873389765620232,2014-03-22 13:18:00,2014-03-22,1.76910976755344,"Day",3.32038261713651,1634.40002441406,392.200012207031,29.8999996185303,29.3734340667725,56.7765312194824,5,1,"March",5,0.943260946869851,0.0786050789058209,8.73389765620232e-05,"ambient"
"9","5-1",2014-03-22 13:45:00,-2.8422856666667,-29.4337113026266,92.4885480517756,-11.8072066666667,-8.964921,0.0239557381719351,0.0772474035620689,2014-03-22 13:33:00,2014-03-22,1.90391320414601,"Day",3.22458873976869,1605.19995117188,392.200012207031,30.2000007629395,29.7293663024902,54.426139831543,5,1,"March",5,0.834271958470344,0.069522663205862,7.72474035620689e-05,"ambient"
"9","5-1",2014-03-22 14:00:00,-2.7789245,-35.9717508578928,112.527962307809,-11.6999775,-8.921053,0.0226189568638802,0.0785133540630341,2014-03-22 13:48:00,2014-03-22,1.89055120605659,"Day",3.47113063327915,1255.80004882812,391,30.5799999237061,29.6182308197021,54.455883026123,5,1,"March",5,0.847944223880768,0.0706620186567307,7.85133540630341e-05,"ambient"
"9","5-1",2014-03-22 14:15:00,-2.65520799999997,-42.6626509710183,129.438537966858,-11.5712033333333,-8.91599533333333,0.0120337717235088,0.0445289723575115,2014-03-22 14:03:00,2014-03-22,1.62636579936607,"Day",3.70033380893548,532.799987792969,391,29.1599998474121,28.1259460449219,57.2878799438477,5,1,"March",5,0.480912901461124,0.0400760751217603,4.45289723575115e-05,"ambient"
"9","5-1",2014-03-22 14:30:00,-2.7156875,-35.6345114363472,108.541329848545,-11.6577675,-8.94208,0.0108369393274188,0.0457504987716675,2014-03-22 14:18:00,2014-03-22,1.51842574674008,"Day",4.22171771838872,483.799987792969,389.899993896484,29,28.0694904327393,59.9914321899414,5,1,"March",5,0.494105386734009,0.0411754488945008,4.57504987716675e-05,"ambient"
"9","5-1",2014-03-22 14:45:00,-2.7683706666667,-31.5484259533306,96.9231779496359,-11.5595666666667,-8.791196,0.0105041200295091,0.0705767422914505,2014-03-22 14:33:00,2014-03-22,1.77005135885136,"Day",6.7189580938889,1151.19995117188,389.899993896484,29.1599998474121,29.7766799926758,57.7454223632812,5,1,"March",5,0.762228816747665,0.0635190680623055,7.05767422914505e-05,"ambient"
"9","5-1",2014-03-22 15:00:00,-2.73130125,-31.1365500284705,94.1476018193439,-11.6591525,-8.92785125,0.0030026554595679,0.0862048417329788,2014-03-22 14:48:00,2014-03-22,1.85233489661712,"Day",28.7095349079391,1138.59997558594,388.700012207031,30.2199993133545,29.2758941650391,54.4879493713379,5,1,"March",5,0.931012290716171,0.0775843575596809,8.62048417329788e-05,"ambient"
"9","5-1",2014-03-22 15:15:00,-2.6109256666667,-25.6802761857975,72.7523961231662,-11.3413066666667,-8.730381,0.00732141081243753,0.0354116372764111,2014-03-22 15:03:00,2014-03-22,1.46792966065116,"Day",4.83672316491982,310,389.899993896484,28.2399997711182,27.3461627960205,59.6544189453125,5,1,"March",5,0.38244568258524,0.03187047354877,3.54116372764111e-05,"ambient"
"9","5-1",2014-03-22 15:30:00,-2.192069,-40.9142971978176,99.7112476137259,-10.84618,-8.654111,0.00296160811558366,0.00964182522147894,2014-03-22 15:18:00,2014-03-22,1.43214999396831,"Day",3.25560467326677,120.800003051758,391,27.8400001525879,26.5415573120117,58.734375,5,1,"March",5,0.104131712391973,0.00867764269933105,9.64182522147894e-06,"ambient"
"9","5-1",2014-03-22 15:45:00,-2.09369200000003,-58.2234606132129,140.561508732678,-10.8478266666667,-8.75413466666667,0.00435727322474122,0.00258677313104272,2014-03-22 15:33:00,2014-03-22,1.36373950143218,"Day",0.593667873833261,146.600006103516,392.200012207031,26.7600002288818,26.1088428497314,59.6899871826172,5,1,"March",5,0.0279371498152614,0.00232809581793845,2.58677313104272e-06,"ambient"
"9","5-1",2014-03-22 16:00:00,-2.544333,-33.4653209036601,94.2305347168591,-11.25086,-8.706527,0.0109160924330354,0.0307501535862684,2014-03-22 15:48:00,2014-03-22,1.0493865439058,"Day",2.81695613837139,349.399993896484,392.200012207031,25.7199993133545,25.6922073364258,68.2077484130859,5,1,"March",5,0.332101658731699,0.0276751382276416,3.07501535862684e-05,"ambient"
"9","5-1",2014-03-22 16:15:00,-2.52616525,-24.3802050680225,66.42904879661,-11.2806275,-8.75446225,0.00537245627492666,0.0364442132413387,2014-03-22 16:03:00,2014-03-22,0.986772328660073,"Day",6.78352905568063,313.799987792969,389.899993896484,25.7199993133545,25.549129486084,69.8500518798828,5,1,"March",5,0.393597503006458,0.0327997919172048,3.64442132413387e-05,"ambient"
"9","5-1",2014-03-22 16:30:00,-1.97953699999997,-38.673102145536,83.8876755887207,-10.8577533333333,-8.87821633333333,0.0094143059104681,0.0304085239768028,2014-03-22 16:18:00,2014-03-22,0.866225637261475,"Day",3.2300335538269,250.399993896484,388.700012207031,25.7999992370605,25.4558715820312,73.3863830566406,5,1,"March",5,0.32841205894947,0.0273676715791225,3.04085239768028e-05,"ambient"
"9","5-1",2014-03-22 16:45:00,-1.4294475,-161.191722849908,303.531037356868,-10.4694275,-9.03998,0.00606930674985051,0.0225639436393976,2014-03-22 16:33:00,2014-03-22,0.80262985534377,"Day",3.71771349997318,222.199996948242,388.700012207031,25.3400001525879,25.2442188262939,75.0282592773438,5,1,"March",5,0.243690591305494,0.0203075492754578,2.25639436393976e-05,"ambient"
"9","5-1",2014-03-22 17:00:00,-1.05099866666663,-162.662378694031,208.73682269892,-10.0301503333333,-8.97915166666667,0.00376539188437164,0.0177002921700478,2014-03-22 16:48:00,2014-03-22,0.797059143679183,"Day",4.70078353424867,193.199996948242,388.700012207031,25.0400009155273,24.5320358276367,74.1260223388672,5,1,"March",5,0.191163155436516,0.015930262953043,1.77002921700478e-05,"ambient"
"9","5-1",2014-03-22 17:15:00,-1.49933,-34.2542687717318,54.7224580536503,-10.11549,-8.61616,0.00558600993826985,0.0190385971218348,2014-03-22 17:03:00,2014-03-22,0.753507263512273,"Day",3.40826409767032,175.399993896484,391,24.2000007629395,23.8380699157715,74.5009307861328,5,1,"March",5,0.205616848915816,0.0171347374096513,1.90385971218348e-05,"ambient"
"9","5-1",2014-03-22 17:30:00,-1.41857866666663,-35.6392106700064,53.8214593083073,-10.0960203333333,-8.67744166666667,0.00546791357919574,0.0110039273276925,2014-03-22 17:18:00,2014-03-22,0.715789072988797,"Day",2.01245450724754,125.599998474121,392.200012207031,23.9599990844727,23.4714641571045,75.2369766235352,5,1,"March",5,0.118842415139079,0.00990353459492325,1.10039273276925e-05,"ambient"
"9","5-1",2014-03-22 17:45:00,-1.124348,-40.563607995722,48.2783682100107,-9.71233375,-8.58798575,0.00962104275822639,0.000295041012577713,2014-03-22 17:33:00,2014-03-22,0.640388666869352,"Day",0.0306662198674297,77,395.700012207031,23.7800006866455,23.3671474456787,77.7057113647461,5,1,"March",5,0.0031864429358393,0.000265536911319942,2.95041012577713e-07,"ambient"
"9","5-1",2014-03-22 18:00:00,-0.966066,-58.2800613240212,60.2738777837792,-9.58838166666667,-8.62231566666667,0.00883201509714127,-0.0100870104506612,2014-03-22 17:48:00,2014-03-22,0.551310828309996,"Day",-1.14209615129917,31.3999996185303,395.700012207031,23.4400005340576,23.1052436828613,80.5009384155273,5,1,"March",5,-0.108939712867141,-0.00907830940559508,-1.00870104506612e-05,"ambient"
"9","5-1",2014-03-22 18:15:00,-0.907851749999999,-55.249848827155,53.3485927345848,-9.635235,-8.72738325,0.00568991573527455,-0.012926415540278,2014-03-22 18:03:00,2014-03-22,0.556971430631463,"Night",-2.27181141895315,4.80000019073486,408.600006103516,23.7600002288818,23.202579498291,80.4162292480469,5,1,"March",5,-0.139605287835002,-0.0116337739862502,-1.2926415540278e-05,"ambient"
"9","5-1",2014-03-22 18:30:00,-0.955676666666671,-38.8213530145251,38.9241881056638,-9.74750566666667,-8.791829,0.00560362450778484,-0.016551585868001,2014-03-22 18:18:00,2014-03-22,0.539716902461346,"Night",-2.95372858138633,0,407.5,23.8400001525879,23.2460021972656,81.0726089477539,5,1,"March",5,-0.178757127374411,-0.0148964272812009,-1.6551585868001e-05,"ambient"
"9","5-1",2014-03-22 18:45:00,-0.814812499999999,-44.5148661674327,38.0216426814111,-9.764966,-8.9501535,-0.00015572999836877,-0.0118673490360379,2014-03-22 18:33:00,2014-03-22,0.52820361324795,"Night",76.2046436803778,0,414.5,23.0599994659424,22.535041809082,80.6617431640625,5,1,"March",5,-0.128167369589209,-0.0106806141324341,-1.18673490360379e-05,"ambient"
"9","5-1",2014-03-22 19:00:00,-0.25366608333333,55.4162398076513,-13.9977704655695,-9.81011275,-9.55644666666667,0.00451147090643644,-0.0194345433264971,2014-03-22 18:48:00,2014-03-22,0.523057885952531,"Night",-4.30780641825045,0,414.5,23.0599994659424,22.5498371124268,80.8673248291016,5,1,"March",5,-0.209893067926169,-0.0174910889938474,-1.94345433264971e-05,"ambient"
"9","5-1",2014-03-22 19:15:00,-0.885364666666671,-39.5832183903582,36.6970851299744,-9.95805066666667,-9.072686,0.00497463578358293,-0.0138221578672528,2014-03-22 19:03:00,2014-03-22,0.612024695728786,"Night",-2.77852660346876,0,409.799987792969,23.7000007629395,23.1403350830078,78.3994293212891,5,1,"March",5,-0.14927930496633,-0.0124399420805275,-1.38221578672528e-05,"ambient"
"9","5-1",2014-03-22 19:30:00,-0.81712258333333,-27.398692216286,23.1376930278647,-10.00938625,-9.19226366666667,0.000666668405756354,-0.0160633660852909,2014-03-22 19:18:00,2014-03-22,0.612718341427539,"Night",-24.0949862729231,0,414.5,23.2399997711182,22.6926250457764,77.7809677124023,5,1,"March",5,-0.173484353721142,-0.0144570294767618,-1.60633660852909e-05,"ambient"
"9","5-1",2014-03-22 19:45:00,-0.214301666666671,25.988878893271,-5.59432423674738,-10.013996,-9.79969433333333,0.00152756681200117,-0.0174372401088476,2014-03-22 19:33:00,2014-03-22,0.548942101117833,"Night",-11.4150425185031,0,413.299987792969,22.5599994659424,21.864933013916,79.0659332275391,5,1,"March",5,-0.188322193175554,-0.0156935160979628,-1.74372401088476e-05,"ambient"
"9","5-1",2014-03-22 20:00:00,-0.80134625,-29.9931732047893,24.8878562960163,-10.2363925,-9.43504625,0.00315417977981269,-0.0102918716147542,2014-03-22 19:48:00,2014-03-22,0.375070289452596,"Night",-3.2629312002518,0,408.600006103516,20.7000007629395,20.1802368164062,84.1374206542969,5,1,"March",5,-0.111152213439345,-0.00926268445327878,-1.02918716147542e-05,"ambient"
"9","5-1",2014-03-22 20:15:00,-0.86577166666663,-23.1058620101359,20.629988646426,-10.3198033333333,-9.45403166666667,0.00587482238188386,-0.0110657876357436,2014-03-22 20:03:00,2014-03-22,0.26258356387758,"Night",-1.88359526747006,0,406.299987792969,20.1000003814697,19.675479888916,88.5420684814453,5,1,"March",5,-0.119510506466031,-0.00995920887216924,-1.10657876357436e-05,"ambient"
"9","5-1",2014-03-22 20:30:00,-0.607500499999999,-48.9604777249582,30.9841623790758,-10.297835,-9.6903345,0.00535165425390005,-0.00928469095379114,2014-03-22 20:18:00,2014-03-22,0.202076132798529,"Night",-1.73491980484817,0,412.200012207031,19.9200000762939,19.5479946136475,91.1122589111328,5,1,"March",5,-0.100274662300944,-0.00835622185841203,-9.28469095379114e-06,"ambient"
"9","5-1",2014-03-22 20:45:00,-0.9423433333333,-16.9733355201273,16.4268760891349,-10.3137933333333,-9.37145,0.0041016056202352,-0.0145156253129244,2014-03-22 20:33:00,2014-03-22,0.155235471774463,"Night",-3.53901048928541,0,416.899993896484,19.6200008392334,19.2745399475098,93.0553131103516,5,1,"March",5,-0.156768753379584,-0.013064062781632,-1.45156253129244e-05,"ambient"
"9","5-1",2014-03-22 21:00:00,-1.128578,-13.7185334564183,15.8913405384413,-10.248905,-9.120327,0.0032556673977524,-0.010964191518724,2014-03-22 20:48:00,2014-03-22,0.128999234061017,"Night",-3.36772470255814,0,419.200012207031,19.4400005340576,19.0420932769775,94.1448364257812,5,1,"March",5,-0.118413268402219,-0.0098677723668516,-1.0964191518724e-05,"ambient"
"9","5-1",2014-03-22 21:15:00,-1.0393333333333,-16.091884273555,17.190222354544,-10.3481533333333,-9.30882,0.00262376782484353,-0.0126692894846201,2014-03-22 21:03:00,2014-03-22,0.114034153332668,"Night",-4.82866256863854,0,415.700012207031,19.3600006103516,18.8004341125488,94.7454147338867,5,1,"March",5,-0.136828326433897,-0.0114023605361581,-1.26692894846201e-05,"ambient"
"9","5-1",2014-03-22 21:30:00,-0.836886,-25.971615574481,22.4578906362478,-10.4409,-9.604014,-0.000496294524054974,-0.00884467549622059,2014-03-22 21:18:00,2014-03-22,0.15417791798181,"Night",17.8214247136059,0,418,19.3199996948242,18.299674987793,92.6693725585938,5,1,"March",5,-0.0955224953591824,-0.00796020794659853,-8.84467549622059e-06,"ambient"
"9","5-1",2014-03-22 21:45:00,-0.746647666666671,-25.9913671053234,20.0051345484886,-10.52297,-9.77632233333333,0.00100983714219183,-0.00917781144380569,2014-03-22 21:33:00,2014-03-22,0.198968465122997,"Night",-9.08840748705824,0,427.399993896484,19.2800006866455,18.4395275115967,90.6223220825195,5,1,"March",5,-0.0991203635931014,-0.00826003029942512,-9.17781144380569e-06,"ambient"
"9","5-1",2014-03-22 22:00:00,-0.7564315,-26.7568728277237,20.8811740284968,-10.4784825,-9.722051,0.000783000374212861,-0.0133094852790236,2014-03-22 21:48:00,2014-03-22,0.208506461675804,"Night",-16.9980573667075,0,425.100006103516,18.9400005340576,18.3325996398926,90.106689453125,5,1,"March",5,-0.143742441013455,-0.0119785367511212,-1.33094852790236e-05,"ambient"
"9","5-1",2014-03-22 22:15:00,-0.8803413333333,-20.2902334670122,18.3843962773202,-10.5348533333333,-9.654512,0.00281162699684501,-0.0076811327598989,2014-03-22 22:03:00,2014-03-22,0.20622632431179,"Night",-2.73191741597235,0,425.100006103516,19.2199993133545,18.6289291381836,90.3948364257812,5,1,"March",5,-0.0829562338069081,-0.00691301948390901,-7.6811327598989e-06,"ambient"
"9","5-1",2014-03-22 22:30:00,-0.9709773333333,-20.3172311273243,20.3431263227337,-10.5310733333333,-9.560096,0.00182789063546807,-0.00622176006436348,2014-03-22 22:18:00,2014-03-22,0.193950142854527,"Night",-3.40379229678054,0,429.799987792969,18.8600006103516,18.4732627868652,90.8781433105469,5,1,"March",5,-0.0671950086951256,-0.00559958405792713,-6.22176006436348e-06,"ambient"
"9","5-1",2014-03-22 22:45:00,-0.784241,-41.8759434315035,34.3310942325927,-10.5677025,-9.7834615,0.00207351567223668,-0.00695258751511574,2014-03-22 22:33:00,2014-03-22,0.188893212579378,"Night",-3.35304314706049,0,427.399993896484,18.7600002288818,18.3018207550049,91.0199890136719,5,1,"March",5,-0.07508794516325,-0.00625732876360417,-6.95258751511574e-06,"ambient"
"9","5-1",2014-03-22 23:00:00,-0.687512333333331,-33.2799241699191,23.670946101967,-10.51872,-9.83120766666667,0.00177338893990964,-0.00274174707010388,2014-03-22 22:48:00,2014-03-22,0.180519344820718,"Night",-1.54604949224708,0,420.399993896484,18.6399993896484,18.1144714355469,91.3165588378906,5,1,"March",5,-0.0296108683571219,-0.00246757236309349,-2.74174707010388e-06,"ambient"
"9","5-1",2014-03-22 23:15:00,-0.790643749999999,-24.3907704899819,19.8766126053804,-10.5095175,-9.71887375,0.00188829051330686,-0.00587416673079133,2014-03-22 23:03:00,2014-03-22,0.17419058675896,"Night",-3.11083844853101,0,418,18.5599994659424,18.1006336212158,91.6137008666992,5,1,"March",5,-0.0634410006925464,-0.0052867500577122,-5.87416673079133e-06,"ambient"
"9","5-1",2014-03-22 23:30:00,-0.973688999999998,-17.2112071223462,17.2287416931727,-10.54361,-9.569921,0.00225767656229436,-0.0233392138034105,2014-03-22 23:18:00,2014-03-22,0.161739718295307,"Night",-10.3377136447269,0,453.299987792969,18.3600006103516,18.0002365112305,92.1638488769531,5,1,"March",5,-0.252063509076833,-0.0210052924230694,-2.33392138034105e-05,"ambient"
"9","5-1",2014-03-22 23:45:00,-1.089082,-13.4052635307053,14.9749918251211,-10.479755,-9.390673,0.00216431613080204,-0.010997274890542,2014-03-22 23:33:00,2014-03-22,0.140680489827982,"Night",-5.08117771430496,0,447.399993896484,18.2999992370605,17.8786888122559,93.1318359375,5,1,"March",5,-0.118770568817854,-0.0098975474014878,-1.0997274890542e-05,"ambient"
"9","5-1",2014-03-23 00:00:00,-0.985369333333368,-15.2258495645214,15.3947655079008,-10.4393466666667,-9.45397733333333,0.00182555848732591,-0.00850105285644531,2014-03-22 23:48:00,2014-03-22,0.13057039247738,"Night",-4.65668611302491,0,454.399993896484,18.0400009155273,17.7994365692139,93.5935363769531,5,1,"March",5,-0.0918113708496094,-0.00765094757080078,-8.50105285644531e-06,"ambient"
"9","5-1",2014-03-23 00:15:00,-0.124485499999999,28.9487795052043,-3.62847990059462,-10.432075,-10.3075895,NA,-0.00829149037599564,2014-03-23 00:03:00,2014-03-23,0.117832850259536,"Night",NA,0,450.899993896484,18.2199993133545,18.0694198608398,94.3158721923828,5,1,"March",5,-0.0895480960607529,-0.00746234133839608,-8.29149037599564e-06,"ambient"
"9","5-1",2014-03-23 00:30:00,-0.493573,103.902311437715,-49.2802777057065,-10.6363266666667,-10.1427536666667,0.00331574329175055,-0.0055718426592648,2014-03-23 00:18:00,2014-03-23,0.107492323152887,"Night",-1.68042039717832,0,465,18.6000003814697,18.4079933166504,94.9237060546875,5,1,"March",5,-0.0601759007200598,-0.00501465839333832,-5.5718426592648e-06,"ambient"
"9","5-1",2014-03-23 00:45:00,-0.4605695,-56.8523265637295,27.1889614065547,-10.7612,-10.3006305,0.00430806819349527,-0.0159236844629049,2014-03-23 00:33:00,2014-03-23,0.0979215892986003,"Night",-3.69624707588148,0,466.200012207031,18.9599990844727,18.718578338623,95.4647216796875,5,1,"March",5,-0.171975792199373,-0.0143313160166144,-1.59236844629049e-05,"ambient"
"9","5-1",2014-03-23 01:00:00,-0.3487233333333,-68.7200864864445,24.829038692399,-10.8635133333333,-10.51479,0.00345929362811148,-0.00717578455805779,2014-03-23 00:48:00,2014-03-23,0.0886590665564567,"Night",-2.07434965905893,0,463.799987792969,19.2199993133545,18.9870090484619,95.9619903564453,5,1,"March",5,-0.0774984732270241,-0.00645820610225201,-7.17578455805779e-06,"ambient"
"9","5-1",2014-03-23 01:15:00,-0.420327500000001,-126.119032617519,56.629525562914,-10.88166,-10.4613325,0.00339606613852084,-0.0122839594259858,2014-03-23 01:03:00,2014-03-23,0.0788748611130481,"Night",-3.61711430959826,0,460.299987792969,19.3199996948242,19.1918544769287,96.4532012939453,5,1,"March",5,-0.132666761800647,-0.0110555634833872,-1.22839594259858e-05,"ambient"
"9","5-1",2014-03-23 01:30:00,-0.2745191666667,72.2925144110886,-19.6740027432766,-11.1195425,-10.8450233333333,0.00209957617335021,-0.0107126133516431,2014-03-23 01:18:00,2014-03-23,0.0815772362281827,"Night",-5.10227420544089,0,456.799987792969,19.3999996185303,18.870698928833,96.2574615478516,5,1,"March",5,-0.115696224197746,-0.00964135201647879,-1.07126133516431e-05,"ambient"
"9","5-1",2014-03-23 01:45:00,-0.503139166666701,-51.9380500109152,27.1462628144892,-11.2283466666667,-10.7252075,0.00135483453050256,-0.00900560524314642,2014-03-23 01:33:00,2014-03-23,0.136884349416569,"Night",-6.64701484970708,0,452.100006103516,19.4799995422363,18.3827800750732,93.5254516601562,5,1,"March",5,-0.0972605366259813,-0.00810504471883178,-9.00560524314642e-06,"ambient"
"9","5-1",2014-03-23 02:00:00,-0.355284166666699,-68.795704942636,25.3463913504109,-11.2382675,-10.8829833333333,0.00571449799463153,-0.00985105708241463,2014-03-23 01:48:00,2014-03-23,0.129198743367389,"Night",-1.72387094923634,0,449.700012207031,19.2199993133545,18.770975112915,94.0356750488281,5,1,"March",5,-0.106391416490078,-0.00886595137417317,-9.85105708241463e-06,"ambient"
"9","5-1",2014-03-23 02:15:00,-0.639383333333299,-26.5435069904342,17.4654741524766,-11.3127933333333,-10.67341,0.00529428804293275,-0.0129518806934357,2014-03-23 02:03:00,2014-03-23,0.118671918367483,"Night",-2.44638761404848,0,449.700012207031,19.4599990844727,19.1300354003906,94.6430358886719,5,1,"March",5,-0.139880311489106,-0.0116566926240921,-1.29518806934357e-05,"ambient"
"9","5-1",2014-03-23 02:30:00,-0.626777499999999,-26.6856932273861,17.2105260430924,-11.4273575,-10.80058,0.00381234171800315,-0.0124473422765732,2014-03-23 02:18:00,2014-03-23,0.120246508551791,"Night",-3.26501221487902,0,453.299987792969,19.6000003814697,19.2980537414551,94.6284637451172,5,1,"March",5,-0.134431296586991,-0.0112026080489159,-1.24473422765732e-05,"ambient"
"9","5-1",2014-03-23 02:45:00,-0.509539999999999,-24.7569499704103,12.9240447313713,-11.3243233333333,-10.8147833333333,0.00440203910693526,-0.00986750982701778,2014-03-23 02:33:00,2014-03-23,0.116366005983119,"Night",-2.2415770481166,0,452.100006103516,19.6200008392334,19.2978458404541,94.8017425537109,5,1,"March",5,-0.106569106131792,-0.008880758844316,-9.86750982701778e-06,"ambient"
"9","5-1",2014-03-23 03:00:00,-0.71406,-19.5509915712648,14.3234611093302,-11.3740825,-10.6600225,0.0032183073926717,-0.00607444625347853,2014-03-23 02:48:00,2014-03-23,0.155758478447869,"Night",-1.88746614674236,0,453.299987792969,19.7199993133545,19.1161594390869,92.9628295898438,5,1,"March",5,-0.0656040195375681,-0.00546700162813068,-6.07444625347853e-06,"ambient"
"9","5-1",2014-03-23 03:15:00,-0.56814,-31.1635484472422,18.2369006347921,-11.4467466666667,-10.8786066666667,0.00635847775265574,-0.0146718434989452,2014-03-23 03:03:00,2014-03-23,0.143834645849131,"Night",-2.30744591232033,0,456.799987792969,19.7800006866455,19.3999347686768,93.6153564453125,5,1,"March",5,-0.158455909788608,-0.0132046591490507,-1.46718434989452e-05,"ambient"
"9","5-1",2014-03-23 03:30:00,-0.844127500000001,-17.5862078954474,15.2462690486685,-11.47405,-10.6299225,0.0052355146035552,-0.00550747336819768,2014-03-23 03:18:00,2014-03-23,0.11462162541392,"Night",-1.05194499208498,0,456.799987792969,19.6599998474121,19.5000305175781,94.9436492919922,5,1,"March",5,-0.0594807123765349,-0.00495672603137791,-5.50747336819768e-06,"ambient"
"9","5-1",2014-03-23 03:45:00,-0.8605033333333,-16.7645903596857,14.80962881574,-11.47898,-10.6184766666667,0.00341912801377475,-0.00767609663307667,2014-03-23 03:33:00,2014-03-23,0.127046285425205,"Night",-2.24504511154649,0,459.100006103516,19.7199993133545,19.2214889526367,94.2975921630859,5,1,"March",5,-0.0829018436372281,-0.006908486969769,-7.67609663307667e-06,"ambient"
"9","5-1",2014-03-23 04:00:00,-0.791300000000001,-24.8081694595786,20.2603988964247,-11.449355,-10.658055,0.00646035466343164,-0.0117647126317024,2014-03-23 03:48:00,2014-03-23,0.127638474907069,"Night",-1.82106296706831,0,467.399993896484,19.8600006103516,19.4724063873291,94.3597564697266,5,1,"March",5,-0.127058896422386,-0.0105882413685322,-1.17647126317024e-05,"ambient"
"9","5-1",2014-03-23 04:15:00,-0.9836266666667,-16.8095452528989,17.0117809558668,-11.53235,-10.5487233333333,0.00410668551921844,-0.0081762932240963,2014-03-23 04:03:00,2014-03-23,0.132049968296429,"Night",-1.99097135289102,0,469.700012207031,19.8199996948242,19.4006729125977,94.1387329101562,5,1,"March",5,-0.08830396682024,-0.00735866390168667,-8.1762932240963e-06,"ambient"
"9","5-1",2014-03-23 04:30:00,-0.844605,-18.7693602261474,16.2977506046491,-11.4550675,-10.6104625,0.00506789935752749,-0.00843222066760063,2014-03-23 04:18:00,2014-03-23,0.123928370091964,"Night",-1.66384927417235,0,460.299987792969,19.7399997711182,19.4171562194824,94.5048599243164,5,1,"March",5,-0.0910679832100868,-0.00758899860084057,-8.43222066760063e-06,"ambient"
"9","5-1",2014-03-23 04:45:00,-0.8187966666666,-22.0943457152821,18.6416298888673,-11.4588533333333,-10.6400566666667,0.00380897661671042,-0.00948578212410212,2014-03-23 04:33:00,2014-03-23,0.137867300741557,"Night",-2.4903755204185,0,456.799987792969,19.7600002288818,19.201530456543,93.80419921875,5,1,"March",5,-0.102446446940303,-0.00853720391169191,-9.48578212410212e-06,"ambient"
"9","5-1",2014-03-23 05:00:00,-0.54176,-48.9649022527475,27.5755361663802,-11.4887433333333,-10.9469833333333,0.00636970065534115,-0.00880078133195639,2014-03-23 04:48:00,2014-03-23,0.140261732419419,"Night",-1.38166325360623,0,459.100006103516,19.7999992370605,19.3073215484619,93.7379760742188,5,1,"March",5,-0.095048438385129,-0.00792070319876075,-8.80078133195639e-06,"ambient"
"9","5-1",2014-03-23 05:15:00,-0.763795,-21.6244588359428,16.9932526042565,-11.5297175,-10.7659225,0.0050180796533823,-0.0107011320069432,2014-03-23 05:03:00,2014-03-23,0.115787976367312,"Night",-2.13251537363111,0,453.299987792969,19.6399993896484,19.3122501373291,94.8321990966797,5,1,"March",5,-0.115572225674987,-0.00963101880624888,-1.07011320069432e-05,"ambient"
"9","5-1",2014-03-23 05:30:00,-0.867733333333399,-17.3049161383294,15.4249847863166,-11.4949766666667,-10.6272433333333,0.0018993760459125,-0.00972791761159897,2014-03-23 05:18:00,2014-03-23,0.163225503799344,"Night",-5.12163856785161,0,446.200012207031,19.5599994659424,18.8285903930664,92.491943359375,5,1,"March",5,-0.105061510205269,-0.00875512585043907,-9.72791761159897e-06,"ambient"
"9","5-1",2014-03-23 05:45:00,-0.8101175,-19.9697125062129,16.6397308536001,-11.5820875,-10.77197,0.00653964653611183,-0.0067051756195724,2014-03-23 05:33:00,2014-03-23,0.135509875266224,"Night",-1.02531162541378,0,474.399993896484,19.5400009155273,19.078405380249,93.8632354736328,5,1,"March",5,-0.0724158966913819,-0.00603465805761516,-6.7051756195724e-06,"ambient"
"9","5-1",2014-03-23 06:00:00,-0.795493333333299,-22.888848593591,18.7678784374938,-11.62773,-10.8322366666667,0.00468579214066267,-0.0107635781168938,2014-03-23 05:48:00,2014-03-23,0.11684617339817,"Night",-2.29706691927047,0,514.299987792969,19.5400009155273,19.206937789917,94.7506637573242,5,1,"March",5,-0.116246643662453,-0.00968722030520442,-1.07635781168938e-05,"ambient"
"9","5-1",2014-03-23 06:15:00,-1.2256325,-12.6741231652231,15.9670159717502,-11.5970325,-10.3714,0.00382231478579342,-0.0219664629548788,2014-03-23 06:03:00,2014-03-23,0.0979961499698284,"Night",-5.74690055265008,0.800000011920929,517.900024414062,19.5,19.2999420166016,95.6229248046875,5,1,"March",5,-0.237237799912691,-0.0197698166593909,-2.19664629548788e-05,"ambient"
"9","5-1",2014-03-23 06:30:00,-1.00313,-16.2409679489942,16.7585867285627,-11.5616533333333,-10.5585233333333,0.00382734835147858,-0.0112621644511819,2014-03-23 06:18:00,2014-03-23,0.0858735357670573,"Day",-2.94255014619485,13.8000001907349,502.600006103516,19.4799995422363,19.4011898040771,96.1884765625,5,1,"March",5,-0.121631376072765,-0.0101359480060637,-1.12621644511819e-05,"ambient"
"9","5-1",2014-03-23 06:45:00,-0.468970000000001,64.2990735646764,-29.6057503676666,-11.62462,-11.15565,0.00244457018561661,0.00287100207060575,2014-03-23 06:33:00,2014-03-23,0.101880547202049,"Day",1.17444043435455,41.4000015258789,486.200012207031,19.5799999237061,19.1033420562744,95.3933563232422,5,1,"March",5,0.0310068223625421,0.00258390186354518,2.87100207060575e-06,"ambient"
